Workbook

Sheet X7_Calculations
A1: match_id | B1: match_date | C1: stage | D1: team_a | E1: team_b | F1: team_a_previous_match | G1: team_a_previous_opponent | H1: team_a_rest_days | I1: team_b_previous_match | J1: team_b_previous_opponent | K1: team_b_rest_days | L1: X7 (A − B) | M1: team_a_source_url | N1: team_b_source_url
A2: 1 | B2: 2026-06-11 | C2: Group Stage | D2: Mexico | E2: South Africa | F2: 2026-06-04 | G2: Serbia | H2: 7 | I2: 2026-06-06 | J2: Jamaica | K2: 5 | L2: =H2-K2 -> 2 | M2: https://www.fifa.com/en/tournaments/mens/worldcup/canadamexicousa2026/articles/pre-tournament-warm-up-results-fixtures-scorers?searchOverlay=1 | N2: https://www.worldfootball.net/match-report/co571/friendlies/ma12109528/jamaica_south-africa/
A3: 2 | B3: 2026-06-11 | C3: Group Stage | D3: Korea Republic | E3: Czechia | F3: 2026-06-03 | G3: El Salvador | H3: 8 | I3: 2026-06-04 | J3: Guatemala | K3: 7 | L3: =H3-K3 -> 1 | M3: https://www.korea.net/NewsFocus/Sports/view?articleId=293595 | N3: https://www.fifa.com/en/tournaments/mens/worldcup/canadamexicousa2026/articles/pre-tournament-warm-up-results-fixtures-scorers?searchOverlay=1
A4: 3 | B4: 2026-06-12 | C4: Group Stage | D4: Canada | E4: Bosnia and Herzegovina | F4: 2026-06-05 | G4: Republic of Ireland | H4: 7 | I4: 2026-06-06 | J4: Panama | K4: 6 | L4: =H4-K4 -> 1 | M4: https://www.fifa.com/en/tournaments/mens/worldcup/canadamexicousa2026/articles/pre-tournament-warm-up-results-fixtures-scorers?searchOverlay=1 | N4: https://www.fifa.com/en/tournaments/mens/worldcup/canadamexicousa2026/articles/pre-tournament-warm-up-results-fixtures-scorers?searchOverlay=1
A5: 4 | B5: 2026-06-12 | C5: Group Stage | D5: USA | E5: Paraguay | F5: 2026-06-06 | G5: Germany | H5: 6 | I5: 2026-06-05 | J5: Nicaragua | K5: 7 | L5: =H5-K5 -> -1 | M5: https://www.ussoccer.com/stories/2026/06/usmnt/match-recap-antonee-robinson-goal-highlights-vs-germany | N5: https://www.fifa.com/en/tournaments/mens/worldcup/canadamexicousa2026/articles/pre-tournament-warm-up-results-fixtures-scorers?searchOverlay=1
A6: 5 | B6: 2026-06-13 | C6: Group Stage | D6: Haiti | E6: Scotland | F6: 2026-06-05 | G6: Peru | H6: 8 | I6: 2026-06-06 | J6: Bolivia | K6: 7 | L6: =H6-K6 -> 1 | M6: https://www.fifa.com/en/tournaments/mens/worldcup/canadamexicousa2026/articles/pre-tournament-warm-up-results-fixtures-scorers?searchOverlay=1 | N6: https://www.fifa.com/en/tournaments/mens/worldcup/canadamexicousa2026/articles/pre-tournament-warm-up-results-fixtures-scorers?searchOverlay=1
A7: 6 | B7: 2026-06-13 | C7: Group Stage | D7: Australia | E7: Türkiye | F7: 2026-06-06 | G7: Switzerland | H7: 7 | I7: 2026-06-06 | J7: Venezuela | K7: 7 | L7: =H7-K7 -> 0 | M7: https://www.fifa.com/en/tournaments/mens/worldcup/canadamexicousa2026/articles/pre-tournament-warm-up-results-fixtures-scorers?searchOverlay=1 | N7: https://www.tff.org/Default.aspx?macID=317490&pageID=440
A8: 7 | B8: 2026-06-13 | C8: Group Stage | D8: Brazil | E8: Morocco | F8: 2026-06-06 | G8: Egypt | H8: 7 | I8: 2026-06-07 | J8: Norway | K8: 6 | L8: =H8-K8 -> 1 | M8: https://www.fifa.com/en/tournaments/mens/worldcup/canadamexicousa2026/articles/pre-tournament-warm-up-results-fixtures-scorers?searchOverlay=1 | N8: https://www.fifa.com/en/tournaments/mens/worldcup/canadamexicousa2026/articles/pre-tournament-warm-up-results-fixtures-scorers?searchOverlay=1
A9: 8 | B9: 2026-06-13 | C9: Group Stage | D9: Qatar | E9: Switzerland | F9: 2026-06-06 | G9: El Salvador | H9: 7 | I9: 2026-06-06 | J9: Australia | K9: 7 | L9: =H9-K9 -> 0 | M9: https://www.olympic.qa/node/20077 | N9: https://www.fifa.com/en/tournaments/mens/worldcup/canadamexicousa2026/articles/pre-tournament-warm-up-results-fixtures-scorers?searchOverlay=1
A10: 9 | B10: 2026-06-14 | C10: Group Stage | D10: Côte d'Ivoire | E10: Ecuador | F10: 2026-06-04 | G10: France | H10: 10 | I10: 2026-06-07 | J10: Guatemala | K10: 7 | L10: =H10-K10 -> 3 | M10: https://www.fifa.com/fr/articles/matches-amicaux-cote-ivoire-avant-coupe-du-monde-2026 | N10: https://www.fifa.com/en/tournaments/mens/worldcup/canadamexicousa2026/articles/pre-tournament-warm-up-results-fixtures-scorers?searchOverlay=1
A11: 10 | B11: 2026-06-14 | C11: Group Stage | D11: Germany | E11: Curaçao | F11: 2026-06-06 | G11: USA | H11: 8 | I11: 2026-06-06 | J11: Aruba | K11: 8 | L11: =H11-K11 -> 0 | M11: https://datencenter.dfb.de/en/data-center/friendly/2025-2026/season/2413138 | N11: https://www.fifa.com/en/tournaments/mens/worldcup/canadamexicousa2026/articles/pre-tournament-warm-up-results-fixtures-scorers?searchOverlay=1
A12: 11 | B12: 2026-06-14 | C12: Group Stage | D12: Netherlands | E12: Japan | F12: 2026-06-08 | G12: Uzbekistan | H12: 6 | I12: 2026-05-31 | J12: Iceland | K12: 14 | L12: =H12-K12 -> -8 | M12: https://www.fifa.com/en/articles/pre-tournament-warm-up-results-fixtures-scorers | N12: https://www.jfa.jp/eng/samuraiblue/news/00036396/
A13: 12 | B13: 2026-06-14 | C13: Group Stage | D13: Sweden | E13: Tunisia | F13: 2026-06-04 | G13: Greece | H13: 10 | I13: 2026-06-06 | J13: Belgium | K13: 8 | L13: =H13-K13 -> 2 | M13: https://www.fifa.com/en/articles/pre-tournament-warm-up-results-fixtures-scorers | N13: https://www.fifa.com/en/articles/pre-tournament-warm-up-results-fixtures-scorers
... A105: 104 | B105: 2026-07-19 | C105: Final | D105: Spain | E105: Argentina | F105: 2026-07-14 | G105: France | H105: 5 | I105: 2026-07-15 | J105: England | K105: 4 | L105: =H105-K105 -> 1 | M105: https://www.skysports.com/football/france-vs-quarter-final-2-winner/549866 | N105: https://www.fifa.com/en/articles/england-argentina-match-report-highlights

Sheet Model_Merge
A1: match_id | B1: rest_days_diff
A2: 1 | B2: =X7_Calculations!L2 -> 2
A3: 2 | B3: =X7_Calculations!L3 -> 1
A4: 3 | B4: =X7_Calculations!L4 -> 1
A5: 4 | B5: =X7_Calculations!L5 -> -1
A6: 5 | B6: =X7_Calculations!L6 -> 1
A7: 6 | B7: =X7_Calculations!L7 -> 0
A8: 7 | B8: =X7_Calculations!L8 -> 1
A9: 8 | B9: =X7_Calculations!L9 -> 0
A10: 9 | B10: =X7_Calculations!L10 -> 3
A11: 10 | B11: =X7_Calculations!L11 -> 0
A12: 11 | B12: =X7_Calculations!L12 -> -8
A13: 12 | B13: =X7_Calculations!L13 -> 2
... A105: 104 | B105: =X7_Calculations!L105 -> 1

Sheet Validation_Summary
A1: Validation Metric | B1: Value
A2: Matches | B2: 104
A3: Historical team observations | B3: 208
A4: Missing date inputs | B4: 0
A5: Missing X7 values | B5: 0
A6: Chronology / predecessor check | B6: Passed
A7: Original master edited? | B7: No
A8: Research method | B8: AI-assisted; external sources not exhaustively audited
A9: Outlier requiring sensitivity check | B9: Match 13: X7 = -70
A11: X7 distribution | B11: Count
A12: Negative | B12: 14
A13: Zero | B13: 62
A14: Positive | B14: 28
A15: Total | B15: 104
